{
  "type": "minecraft:chest",
  "pools": [
    {
      "rolls": 10,
      "bonus_rolls": 5,
      "entries": [
        {
          "type": "minecraft:item",
          "name": "minecraft:diamond",
          "weight": 16,
          "quality": 1
        },
        {
          "type": "minecraft:item",
          "name": "minecraft:copper_ingot",
          "weight": 16,
          "quality": 1
        },
        {
          "type": "minecraft:item",
          "name": "minecraft:iron_ingot",
          "weight": 16,
          "quality": 1,
          "functions": [
            {
              "function": "minecraft:set_count",
              "count": {
                "type": "minecraft:uniform",
                "min": 1,
                "max": 5
              }
            }
          ]
        },
        {
          "type": "minecraft:item",
          "name": "minecraft:emerald",
          "weight": 16,
          "quality": 2,
          "functions": [
            {
              "function": "minecraft:set_count",
              "count": {
                "type": "minecraft:uniform",
                "min": 1,
                "max": 5
              }
            }
          ]
        },
        {
          "type": "minecraft:item",
          "name": "minecraft:totem_of_undying",
          "weight": 1,
          "quality": 5
        },
        {
          "type": "minecraft:item",
          "name": "minecraft:ancient_debris",
          "weight": 1,
          "quality": 4
        },
        {
          "type": "minecraft:item",
          "name": "minecraft:raw_iron_block",
          "weight": 4,
          "quality": 4
        },
        {
          "type": "minecraft:item",
          "name": "minecraft:raw_copper_block",
          "weight": 4,
          "quality": 4
        }
      ]
    },
    {
      "rolls": {
        "min": 1,
        "max": 7
      },
      "bonus_rolls": {
        "min": 1,
        "max": 4
      },
      "entries": [
        {
          "type": "minecraft:item",
          "name": "minecraft:iron_helmet",
          "weight": 1,
          "quality": 5,
          "functions": [
            {
              "function": "minecraft:enchant_randomly",
              "options": [
                "minecraft:protection",
                "minecraft:blast_protection",
                "minecraft:fire_protection",
                "minecraft:projectile_protection"
              ],
              "only_compatible": false
            },
            {
              "function": "minecraft:enchant_randomly",
              "options": [
                "minecraft:respiration",
                "minecraft:aqua_affinity"
              ],
              "only_compatible": false
            },
            {
              "function": "minecraft:enchant_randomly",
              "options": [
                "minecraft:thorns",
                "minecraft:unbreaking"
              ],
              "only_compatible": false
            }
          ]
        },
        {
          "type": "minecraft:item",
          "name": "minecraft:iron_chestplate",
          "weight": 1,
          "quality": 5,
          "functions": [
            {
              "function": "minecraft:enchant_randomly",
              "options": [
                "minecraft:protection",
                "minecraft:blast_protection",
                "minecraft:fire_protection",
                "minecraft:projectile_protection"
              ],
              "only_compatible": false
            },
            {
              "function": "minecraft:enchant_randomly",
              "options": [
                "minecraft:thorns",
                "minecraft:unbreaking"
              ],
              "only_compatible": false
            }
          ]
        },
        {
          "type": "minecraft:item",
          "name": "minecraft:iron_leggings",
          "weight": 1,
          "quality": 5,
          "functions": [
            {
              "function": "minecraft:enchant_randomly",
              "options": [
                "minecraft:blast_protection",
                "minecraft:fire_protection",
                "minecraft:projectile_protection",
                "minecraft:protection"
              ],
              "only_compatible": false
            },
            {
              "function": "minecraft:enchant_randomly",
              "options": [
                "minecraft:thorns"
              ],
              "only_compatible": false
            },
            {
              "function": "minecraft:enchant_randomly",
              "options": [
                "minecraft:swift_sneak",
                "minecraft:unbreaking"
              ],
              "only_compatible": false
            }
          ]
        },
        {
          "type": "minecraft:item",
          "name": "minecraft:iron_boots",
          "weight": 1,
          "quality": 5,
          "functions": [
            {
              "function": "minecraft:enchant_randomly",
              "options": [
                "minecraft:blast_protection",
                "minecraft:fire_protection",
                "minecraft:projectile_protection",
                "minecraft:protection"
              ],
              "only_compatible": false
            },
            {
              "function": "minecraft:enchant_randomly",
              "options": [
                "minecraft:feather_falling",
                "minecraft:frost_walker"
              ],
              "only_compatible": false
            },
            {
              "function": "minecraft:enchant_randomly",
              "options": [
                "minecraft:thorns"
              ],
              "only_compatible": false
            }
          ]
        },
        {
          "type": "minecraft:item",
          "name": "minecraft:iron_pickaxe",
          "weight": 2,
          "quality": 5,
          "functions": [
            {
              "function": "minecraft:enchant_randomly",
              "options": [
                "minecraft:efficiency"
              ],
              "only_compatible": false
            },
            {
              "function": "minecraft:enchant_randomly",
              "options": [
                "minecraft:fortune",
                "minecraft:silk_touch"
              ],
              "only_compatible": false
            },
            {
              "function": "minecraft:enchant_randomly",
              "options": [
                "minecraft:mending",
                "minecraft:unbreaking"
              ],
              "only_compatible": false
            }
          ]
        },
        {
          "type": "minecraft:item",
          "name": "minecraft:iron_sword",
          "weight": 2,
          "quality": 5,
          "functions": [
            {
              "function": "minecraft:enchant_randomly",
              "options": [
                "minecraft:sharpness",
                "minecraft:smite"
              ],
              "only_compatible": false
            },
            {
              "function": "minecraft:enchant_randomly",
              "options": [
                "minecraft:sweeping_edge",
                "minecraft:fire_aspect"
              ],
              "only_compatible": false
            },
            {
              "function": "minecraft:enchant_randomly",
              "options": [
                "minecraft:knockback",
                "minecraft:looting"
              ],
              "only_compatible": false
            }
          ]
        },
        {
          "type": "minecraft:item",
          "name": "minecraft:bow",
          "weight": 1,
          "quality": 5,
          "functions": [
            {
              "function": "minecraft:enchant_randomly",
              "options": [
                "minecraft:power",
                "minecraft:punch"
              ],
              "only_compatible": false
            },
            {
              "function": "minecraft:enchant_randomly",
              "options": [
                "minecraft:flame",
                "minecraft:infinity"
              ],
              "only_compatible": false
            }
          ]
        },
        {
          "type": "minecraft:item",
          "name": "minecraft:crossbow",
          "weight": 1,
          "quality": 5,
          "functions": [
            {
              "function": "minecraft:enchant_randomly",
              "options": [
                "minecraft:multishot",
                "minecraft:piercing"
              ],
              "only_compatible": false
            },
            {
              "function": "minecraft:enchant_randomly",
              "options": [
                "minecraft:quick_charge"
              ],
              "only_compatible": false
            }
          ]
        }
      ]
    }
  ]
}