{
  "type": "minecraft:chest",
  "pools": [
    {
      "rolls": 1,
      "entries": [
        {
          "type": "minecraft:item",
          "name": "minecraft:iron_hoe",
          "weight": 1,
          "quality": 10,
          "functions": [
            {
              "function": "minecraft:set_name",
              "target": "item_name",
              "name": "Scythe of Reaping"
            },
            {
              "function": "minecraft:enchant_randomly",
              "options": "minecraft:sweeping_edge",
              "only_compatible": false
            }
          ]
        },
        {
          "type": "minecraft:item",
          "name": "minecraft:elytra",
          "weight": 1,
          "quality": 10,
          "functions": [
            {
              "function": "minecraft:set_damage",
              "damage": 0
            }
          ]
        },
        {
          "type": "minecraft:item",
          "name": "minecraft:trident",
          "weight": 1,
          "quality": 10,
          "functions": [
            {
              "function": "minecraft:enchant_randomly",
              "options": "minecraft:impaling",
              "only_compatible": false
            },
            {
              "function": "minecraft:enchant_randomly",
              "options": "minecraft:loyalty",
              "only_compatible": false
            },
            {
              "function": "minecraft:enchant_randomly",
              "options": "minecraft:riptide",
              "only_compatible": false
            },
            {
              "function": "minecraft:enchant_randomly",
              "options": "minecraft:channeling"
            }
          ]
        },
        {
          "type": "minecraft:item",
          "name": "minecraft:nether_star",
          "weight": 1,
          "quality": 7
        },
        {
          "type": "minecraft:item",
          "name": "minecraft:conduit",
          "weight": 1,
          "quality": 7
        }
      ]
    },
    {
      "rolls": 10,
      "bonus_rolls": 5,
      "entries": [
        {
          "type": "minecraft:item",
          "name": "minecraft:emerald",
          "weight": 16,
          "quality": 3
        },
        {
          "type": "minecraft:item",
          "name": "minecraft:netherite_scrap",
          "weight": 4,
          "quality": 7
        },
        {
          "type": "minecraft:item",
          "name": "minecraft:totem_of_undying",
          "weight": 1,
          "quality": 5
        },
        {
          "type": "minecraft:item",
          "name": "minecraft:diamond",
          "weight": 8,
          "quality": 5
        },
        {
          "type": "minecraft:item",
          "name": "minecraft:iron_ingot",
          "weight": 32,
          "quality": 4
        }
      ],
      "functions": [
        {
          "function": "minecraft:set_count",
          "count": {
            "type": "minecraft:uniform",
            "min": 1,
            "max": 5
          }
        }
      ]
    },
    {
      "rolls": {
        "min": 1,
        "max": 7
      },
      "bonus_rolls": {
        "min": 0,
        "max": 0
      },
      "entries": [
        {
          "type": "minecraft:item",
          "name": "minecraft:diamond_helmet",
          "weight": 1,
          "quality": 6,
          "functions": [
            {
              "function": "minecraft:enchant_randomly",
              "options": [
                "minecraft:protection",
                "minecraft:blast_protection",
                "minecraft:fire_protection",
                "minecraft:projectile_protection"
              ],
              "only_compatible": false
            },
            {
              "function": "minecraft:enchant_randomly",
              "options": [
                "minecraft:thorns",
                "minecraft:unbreaking"
              ],
              "only_compatible": false
            },
            {
              "function": "minecraft:enchant_randomly",
              "options": [
                "minecraft:aqua_affinity",
                "minecraft:respiration"
              ],
              "only_compatible": false
            }
          ]
        },
        {
          "type": "minecraft:item",
          "name": "minecraft:diamond_chestplate",
          "weight": 1,
          "quality": 6,
          "functions": [
            {
              "function": "minecraft:enchant_randomly",
              "options": [
                "minecraft:protection",
                "minecraft:blast_protection",
                "minecraft:fire_protection",
                "minecraft:projectile_protection"
              ],
              "only_compatible": false
            },
            {
              "function": "minecraft:enchant_randomly",
              "options": [
                "minecraft:thorns",
                "minecraft:unbreaking"
              ],
              "only_compatible": false
            }
          ]
        },
        {
          "type": "minecraft:item",
          "name": "minecraft:diamond_leggings",
          "weight": 1,
          "quality": 6,
          "functions": [
            {
              "function": "minecraft:enchant_randomly",
              "options": [
                "minecraft:protection",
                "minecraft:blast_protection",
                "minecraft:fire_protection",
                "minecraft:projectile_protection"
              ],
              "only_compatible": false
            },
            {
              "function": "minecraft:enchant_randomly",
              "options": [
                "minecraft:thorns",
                "minecraft:swift_sneak"
              ],
              "only_compatible": false
            },
            {
              "function": "minecraft:enchant_randomly",
              "options": [
                "minecraft:unbreaking",
                "minecraft:mending"
              ],
              "only_compatible": false
            }
          ]
        },
        {
          "type": "minecraft:item",
          "name": "minecraft:diamond_boots",
          "weight": 1,
          "quality": 6,
          "functions": [
            {
              "function": "minecraft:enchant_randomly",
              "options": [
                "minecraft:protection",
                "minecraft:blast_protection",
                "minecraft:projectile_protection",
                "minecraft:protection"
              ],
              "only_compatible": false
            },
            {
              "function": "minecraft:enchant_randomly",
              "options": [
                "minecraft:thorns",
                "minecraft:unbreaking"
              ],
              "only_compatible": false
            },
            {
              "function": "minecraft:enchant_randomly",
              "options": [
                "minecraft:feather_falling",
                "minecraft:frost_walker"
              ],
              "only_compatible": false
            }
          ]
        },
        {
          "type": "minecraft:item",
          "name": "minecraft:diamond_pickaxe",
          "weight": 1,
          "quality": 6,
          "functions": [
            {
              "function": "minecraft:enchant_randomly",
              "options": [
                "minecraft:efficiency"
              ],
              "only_compatible": false
            },
            {
              "function": "minecraft:enchant_randomly",
              "options": [
                "minecraft:fortune",
                "minecraft:silk_touch"
              ],
              "only_compatible": false
            },
            {
              "function": "minecraft:enchant_randomly",
              "options": [
                "minecraft:mending",
                "minecraft:unbreaking"
              ],
              "only_compatible": false
            }
          ]
        },
        {
          "type": "minecraft:item",
          "name": "minecraft:diamond_sword",
          "weight": 2,
          "quality": 6,
          "functions": [
            {
              "function": "minecraft:enchant_randomly",
              "options": [
                "minecraft:sharpness",
                "minecraft:smite"
              ],
              "only_compatible": false
            },
            {
              "function": "minecraft:enchant_randomly",
              "options": [
                "minecraft:sweeping_edge",
                "minecraft:fire_aspect"
              ],
              "only_compatible": false
            },
            {
              "function": "minecraft:enchant_randomly",
              "options": [
                "minecraft:knockback",
                "minecraft:looting"
              ],
              "only_compatible": false
            }
          ]
        },
        {
          "type": "minecraft:item",
          "name": "minecraft:diamond_axe",
          "weight": 2,
          "quality": 6,
          "functions": [
            {
              "function": "minecraft:enchant_randomly",
              "options": [
                "minecraft:sharpness",
                "minecraft:efficiency"
              ],
              "only_compatible": false
            },
            {
              "function": "minecraft:enchant_randomly",
              "options": [
                "minecraft:looting",
                "minecraft:fortune"
              ],
              "only_compatible": false
            },
            {
              "function": "minecraft:enchant_randomly",
              "options": [
                "minecraft:breach",
                "minecraft:fire_aspect"
              ],
              "only_compatible": false
            }
          ]
        },
        {
          "type": "minecraft:item",
          "name": "minecraft:crossbow",
          "weight": 1,
          "quality": 8,
          "functions": [
            {
              "function": "minecraft:enchant_randomly",
              "options": [
                "minecraft:mending",
                "minecraft:unbreaking"
              ],
              "only_compatible": false
            },
            {
              "function": "minecraft:enchant_randomly",
              "options": [
                "minecraft:multishot",
                "minecraft:piercing"
              ],
              "only_compatible": false
            },
            {
              "function": "minecraft:enchant_randomly",
              "options": [
                "minecraft:quick_charge"
              ],
              "only_compatible": false
            }
          ]
        },
        {
          "type": "minecraft:item",
          "name": "minecraft:bow",
          "weight": 1,
          "quality": 8,
          "functions": [
            {
              "function": "minecraft:enchant_randomly",
              "options": [
                "minecraft:power",
                "minecraft:punch"
              ],
              "only_compatible": false
            },
            {
              "function": "minecraft:enchant_randomly",
              "options": [
                "minecraft:infinity",
                "minecraft:flame"
              ],
              "only_compatible": false
            },
            {
              "function": "minecraft:enchant_randomly",
              "options": [
                "minecraft:mending",
                "minecraft:unbreaking"
              ],
              "only_compatible": false
            }
          ]
        }
      ]
    }
  ]
}