{
    "type": "minecraft:chest",
    "pools": [
      {
        "rolls": 10,
        "bonus_rolls": 5,
        "entries": [
          {
            "type": "minecraft:item",
            "name": "minecraft:obsidian",
            "weight": 8,
            "quality": 1
          },
          {
            "type": "minecraft:item",
            "name": "minecraft:iron_ingot",
            "weight": 16,
            "quality": 1
          },
          {
            "type": "minecraft:item",
            "name": "minecraft:copper_ingot",
            "weight": 16,
            "quality": 1
          },
          {
            "type": "minecraft:item",
            "name": "minecraft:raw_copper",
            "weight": 32,
            "quality": 1
          },
          {
            "type": "minecraft:item",
            "name": "minecraft:raw_iron",
            "weight": 32,
            "quality": 1
          },
          {
            "type": "minecraft:item",
            "name": "minecraft:emerald",
            "weight": 16,
            "quality": 2
          },
          {
            "type": "minecraft:item",
            "name": "minecraft:diamond",
            "weight": 8,
            "quality": 6
          }
        ],
        "functions": [
          {
            "function": "minecraft:set_count",
            "count": {
              "type": "minecraft:uniform",
              "min": 1,
              "max": 5
            }
          }
        ]
      },
      {
        "rolls": {
          "min": 1,
          "max": 3
        },
        "bonus_rolls": {
          "min": 0,
          "max": 0
        },
        "entries": [
          {
            "type": "minecraft:item",
            "name": "minecraft:iron_helmet",
            "weight": 1,
            "quality": 5
          },
          {
            "type": "minecraft:item",
            "name": "minecraft:iron_chestplate",
            "weight": 1,
            "quality": 5
          },
          {
            "type": "minecraft:item",
            "name": "minecraft:iron_leggings",
            "weight": 1,
            "quality": 5
          },
          {
            "type": "minecraft:item",
            "name": "minecraft:iron_boots",
            "weight": 1,
            "quality": 5
          },
          {
            "type": "minecraft:item",
            "name": "minecraft:iron_pickaxe",
            "weight": 2,
            "quality": 5
          },
          {
            "type": "minecraft:item",
            "name": "minecraft:iron_sword",
            "weight": 2,
            "quality": 5
          },
          {
            "type": "minecraft:item",
            "name": "minecraft:bow",
            "weight": 1,
            "quality": 5
          },
          {
            "type": "minecraft:item",
            "name": "minecraft:crossbow",
            "weight": 1,
            "quality": 5
          }
        ]
      }
    ]
  }
  